Historical Period,Time/Century,Edition_ID,URL,Scholarly,Digital,Edition,Prototype,Language,Writing support,Begin date,End date,Manager,Institution(s),Audience,Philological statement,Account of textual variance,Value of witnesses,XML-TEI Transcription,XML-TEI available to download,Images,Zoom images,"Image manipulation (brightness, saturation, etc.)",Text-Image Linking,Source Text Translation,Website language,Glossary,Indices,String matching,Advanced search,Creative Commons License,Open source/Open access,Linked Open Data,Crowdsourcing,Feedback,Technological statement,Links to ext. resources,OCR or keyed?,Mobile compatibility/application,Print-friendly view,Print facsimile (complementary output),Manuscript(s') repository,Manuscript place of origin,Sponsor/Funding body,Budget (rough),Infrastructure,CDROM: Easy to access?,CDROM: Cost
Middle Ages,8th,Digitale Edition der Handschrift Cod. Guelf. 64 Weiss.,http://diglib.hab.de/edoc/ed000006/startx.htm,,,,1,LAT,Codex,2007,2010,Torsten Schaßan,Herzog August Bibliothek Wolfenbüttel,,,,,,,1,1,,,,GER,,,,,0,,,0,,,,Keyed,,,,,,,,,N/A,N/A
Early Modern,18th,The Thomas Gray Archive,http://www.thomasgray.org/,1,1,1,1,"ENG, LAT, GRE",Manuscripts,2000,present,Alexander Huber,University of Oxford,Scholars,1,1,,1,,1,0,,,0,ENG,1,,1,,0,1.5,,1,,1,1,Keyed,0,0,0,Various,Various,Institutional funding,,HTML5; CSS; jQuery; custom built,N/A,N/A
Middle Ages,14th,A critical edition of the poetry of Dafydd ap Gwilym,http://www.dafyddapgwilym.net/,1,1,1,0,WEL,Manuscript,2002,2007,Alexander Roberts; Dafydd Johnston,University of Swansea,Mainly students of Celtic Studies,,1,1,1,,1,,0,0,0,WEL; ENG,,,0,0,0,1,0,0,,,,Keyed,,1,,Various,"Brogynin, Penrhyn-coch, Wales",AHRC,,Javascript; Perl; Xmetal; Microsoft Active Server Pages (ASP); Microsoft SQL Server 2000; Anastasia; GroveMaker,N/A,N/A
Antiquity,5th but the website also contains later work,Saint Patrick's Confessio,http://www.confessio.ie/#,1,1,1,1,LAT,Manuscript; Prints,,,Anthony Harvey,Royal Irish Academy; National University of Ireland; University College Dublin; Cologne Center for eHumanities; Irish Centre for High End Computing; Herzog August Bibliothek Wolfenbüttel,,1,,0.5,1,,1,1,0,0,ENG; GER; GLA; ITA; POR ,ENG,,,1,,1,1,,0,,1,1,Keyed,,,,"Various (Paris, Rouen, Arras, Salisbury, London, Oxford)",,Royal Irish Academy; Higher Education Authority; European Regional Development Fund,,Drupal,N/A,N/A
Middle Ages; Early Modern,14th-18th,Liber Matriculae - Il libro della matricola dei notai di Vercelli,http://scrineum.unipv.it/LM/home.html,,,,,LAT,Manuscript,1999,,Antonio Olivieri,Università degli Studi di Pavia,,,,,0,,1,1,0,0,,ITA,,,,,0,,,0,,,,Keyed,,,,Archivio Storico Comunale di Vercelli,,,,,N/A,N/A
Early Modern,1662-1686,Correspondance de Pierre Bayle,http://bayle-correspondance.univ-st-etienne.fr/?lang=fr,,,,,FRE ,Manuscript; letters,,,Antony McKenna,"Institut Claude Longeon, IHPC, CNRS UMR 5037; Université Jean Monnet Saint-Etienne; Université de Montpellier 3",,,,,1,,,,,,,FRE; ENG,,,,,0,,,0,,,,Keyed,,,,,,,,,N/A,N/A
Antiquity,1st-2nd AD,Vindolanda Tablets Online,http://vindolanda.csad.ox.ac.uk/index.shtml,,,,,LAT,Tablet,2001,2003,Charles Crowther; Alan Bowman,University of Oxford,,,,,0,,1,1,,,0,ENG,,1,1,1,0,,0,0,1,,1,Keyed,,1,,The British Museum,"Vindolanda, UK",,,,N/A,N/A
Antiquity,1st-2nd AD,Vindolanda Tablets Online II,http://vto2.classics.ox.ac.uk/,,,,,LAT,Tablet,,,Charles Crowther; Alan Bowman,University of Oxford,,,,,1,,,,,,,ENG,,,,,0,,,0,,,,Keyed,,,,The British Museum,"Vindolanda, UK",Andrew W. Mellon Foundation,,,N/A,N/A
Early Modern,1776,"Bérardier de Bataut, Essai sur le récit, Entretiens sur la manière de raconter",http://www.berardier.org/,,,,,FRE ,Print,,,Christof Schöch,Universität Würzburg,,,,,1,,,,,,,FRE,,,,,1,,,0,,,,Keyed,,,,Various,,,,Drupal,N/A,N/A
Antiquity,Mid 4th AD,Codex Sinaiticus,http://codexsinaiticus.org/en/,1,1,1,1,GRC,Codex,2003,present,Claire Breay; Leander Seige; Father Justin; Ekaterina Krushelnitskaya,British Library; National Library of Russia; St. Catherine's Monastery; Leipzig University Library,,,,,1,,1,1,0,1,0.5,ENG; GER; GRE; RUS,,,1,1,0,1,0,0,,1,0 (all here),Keyed,,,,British Library; Library of the University of Leipzig; National Library of Russia; Holy Monastery of the God-Trodden Mount Sinai,"Saint Catherine's Monastery. Mount Sinai, Egypt",AHRC; Deutsche Forschungsgemeinschaft; Stavros Niarchos Foundation; A.G. Leventis Foundation,,HTML; CSS; JavaScript; AJAX,N/A,N/A
Early Modern,1740s-1770s,"The Saint-Aubins ""Book of Arses"": The Livre de Caricatures tant bonnes que mauvaises",http://www.waddesdon.org.uk/collection/special-projects/st.-aubin,,,,,FRE,Manuscript,forthcoming,,Colin Jones,Queen Mary University,,,,,0,,,,,,,ENG,,,,,,1,,,,,,Keyed,,,,,,AHRC,,,N/A,N/A
Antiquity,,Catullus Online,http://www.catullusonline.org/CatullusOnline/index.php,1,1,1,1,LAT,,2009,2013,Dániel Kiss,Ludwig-Maximilians-Universität München,Specialists; researchers; students,,,,0,,1,1,0,0,0,ENG,0,0,1,1,0,1,0,0,,,,Keyed,,,forthcoming,Various,,Ludwig-Maximilians-Universität München,€10000,"JavaScript, HTML, CSS",N/A,N/A
Middle Ages,10th - 11th,Digital edition of the Old Church Slavonic Codex Suprasliensis,http://suprasliensis.obdurodon.org/,0,0,0,0,CHU,Manuscript,2008,present,David J. Birnbaum,Department of Slavic Languages and Literatures at University of Pittsburgh; National Library in Warsaw; National Library of Russia in St. Petersburg; National and University Library in Ljubljana,,1,1,1,0,,1,1,0,0,GRC,ENG,0,0,0,0,1,1,0,0,0,0.5,0,Keyed,,0,0,National Library of Warsaw; National Library of Russia; National and University Library of Slovenia,"Preslav, Bulgaria",UNESCO,"Partly funded, awaiting more information from team",obdurodon.org,N/A,N/A
Middle Ages,1195,Becerro Galicano of San Millán de la Cogolla,http://www.ehu.es/galicano/?l=en,,1,1,0,LAT,Codex; Cartulary,,,David Peterson,Universidad del PaÍs Vasco,,0,,,1,0,,,,,,ENG; SPA; BAQ,,,,,,,,,,,,Keyed,,,,,,,,,N/A,N/A
Middle Ages,9th,The Durham Liber Vitae Project,http://www.dlv.org.uk/index.html,,1,,,ANG (Northumbrian),Manuscript,2003,2007,David Rollason,King's College London (Department of Digital Humanities); University of Durham,,,,,1,,,,,,0,ENG,,,,,0,,,0,,,,Keyed,,1,,Durham Cathedral Priory,"Northumbrian church, probably Lindisfarne, but possibly Monkwearmouth/Jarrow.",,,,N/A,N/A
Contemporary,1920s-1960s,Samuel Beckett Digital Manuscript Project,http://www.beckettarchive.org/login.html,,,,,ENG,Manuscript,,,Dirk Van Hulle,University of Antwerp; University of Reading; Harry Ransom Humanities Research Center; Estate of Samuel Beckett,,,,,1,,,,,,,ENG,,,,,0,0,,,,,,Keyed,,,,,,,,,N/A,N/A
Antiquity; Middle Ages,4th-15th AD,Euripides Scholia,http://euripidesscholia.org/EurSchHome.html,1,0,1,1,GRC,,2007,2010,Donald J. Mastronarde,University of California Irvine,Scholars; students,1,0.5,1,1,,0,0,0,0,0,ENG,0,0,0,0,1,1,0,0,1,1,0,Keyed,,0,0,Various,Various,Loeb Classical Library Foundation (in part),,HTML/CSS; Alpheios,N/A,N/A
Middle Ages,1225,Heimskringla,http://omacl.org/Heimskringla/,,,,,NON,,1996,,Douglas B. Killings,,,,,,,,,,,,0,ENG,,,,,0,,,0,,,,Keyed,,,,Various. The single surviving page known as the Kringla leaf is kept in the National and University Library of Iceland,,,,,N/A,N/A
Middle Ages,12th,Partonopeus de Blois,http://www.hrionline.ac.uk/partonopeus/,,1,,,FRO,,,,Penny Simons,University of Sheffield,Scholars workin on Old French texts and manuscripts,,,,0.5,,,,,,,ENG,,,,,0,,,0,1,,,Keyed,,,See for details of project not given on website:http://www.arts-humanities.net/projects/partonopeus_de_blois_electronic_resource,Bibliothèque nationale de France; Bibliothèque de l'Arsenal; Bibliothèque municipale de Tours; Burgerbibliothek Bern; Biblioteca Apostolica Vaticana; Beinecke Rare Books Library; Parker Library Corpus Christi College Cambridge,,AHRC,,,N/A,N/A
Middle Ages,1216-1272,Henry III Fine Rolls Project,http://www.finerollshenry3.org.uk/,,,,,LAT,Manuscript; roll,2005,2011,Beth Hartland; Harold Short; Arianna Ciula; David Carpenter; David Crook; Sean Cunningham; Paul Dryburgh; Louise Wilkinson,King's College London (Department of Digital Humanities); Canterbury Christ Church University,,1,0,,0,,1,1,0,0,0,ENG,,1,1,1,0,,,0,,1,,Keyed,,,1,The National Archives (UK),,AHRC,,xMod (KCL custom),N/A,N/A
Early Modern,18th,Die Briefwechsel der Mathematiker Bernoulli,http://www.ub.unibas.ch/bernoulli/index.php/Briefinventar,,,,,LAT,,,,Fritz Nagel,University of Basel,"Mathematicians; physicists; historians of science or local history; partner editions (e.gr. The Euler Edition, the Leibniz Edition, the Dalambert Edition); biographers",,,,,,,,,,,GER,,,1,,1,,,0,,,,Keyed,,,,,,,,,N/A,N/A
Early Modern,1749-1750,La Famiglia dell'Antiquario,http://www.intratext.com/X/ITA0763.HTM,,,,,ITA,,,,Giuseppe Bonghi,,,,,,0.5,,,,,,,ITA,,,,,0,,,0,,,,Keyed,,,,,,,,,N/A,N/A
Middle Ages,980-1060,Die Glossen Ekkeharts IV. im Codex Sangallensis 621,http://orosius.monumenta.ch/,,1,,,LAT,Manuscript,2005,2010,Heidi Eisenhut,University of Zürich,,,,,,,,,,,,GER,,,,,1,,,0,,,,Keyed,,,,981 manuscripts from 42 Swiss libraries,,,,,N/A,N/A
Antiquity,6th BC-4th AD,Inscriptions of the Northern Black Sea (IOSPE),http://iospe.kcl.ac.uk/corpus/index.html,1,1,1,,"GRC, LAT",Tablets; prisms; cylinders; rock faces; steles; wall; threshold slabs; etc.,forthcoming,,Irene Polinskaya,King's College London (Department of Classics; Department of Digital Humanities); Russian Academy of Sciences (Institute of World History; Institute of Oriental Manuscripts; St Petersburg Institute of History); Institute Ausonius - CNRS - University of Bordeaux 3; The State Hermitage,,,,,1,,,,,,,ENG; RUS,,,,,1,,,0,,,,Keyed,,,forthcoming,N/A,"Northern Black Sea. Bulgaria, Romania, Ukraine",A. G. Leventis Foundation; Loeb Library Foundation; British Academy (2008-2009); Russian Foundation for the Humanities;  Russian Foundation for Basic Research; Swiss National Science Foundation (SNSF); Ministère des Affaires étrangères et européennes (MAEE); Centre nationale de la recherche scientifique,,xMod (KCL custom),N/A,N/A
Early Modern,1615,La Entretenida Digital Edition,http://entretenida.outofthewings.org/index.html,1,,1,1,SPA,Manuscript,,,John O'Neill,King's College London (Department of Digital Humanities),,,,,1,,1,,,,0,ENG,,,,,0,,,0,,,,Keyed,,,,,,AHRC,,xMod (KCL custom),N/A,N/A
Early Modern,1720,A Survey of the Cities of London and Westminster by John Strype,http://www.hrionline.ac.uk/strype/,,1,,,ENG,,2007,,Julia Merritt ,University of Sheffield; University of Nottingham,,,,,1,,,,,,,ENG,,,,,0,,,0,,,,Keyed,,,,British Library; MOTCO Enterprises Limited (Maps and Illustrations),,"The Leverhulme Trust, University of Sheffield",,,N/A,N/A
Early Modern,1559-1588,Letters of William Herle Project,http://www.livesandletters.ac.uk/herle/index.html,1,1,1,1,ENG,Letters,,,Matthew Symonds,University College London,,,,,1,,,,,,,ENG,,,,,,,,,,,,Keyed,,,,,,AHRC,,,N/A,N/A
Early Modern,1585-1597,The Diplomatic Correspondence of Thomas Bodley,http://www.livesandletters.ac.uk/bodley/bodley.html,,1,,,ENG,Manuscript; letters,,,Matthew Symonds,University College London; Bodleian Library,,,,,0.5,,,,,,,ENG,,,,,1,,,,,,,Keyed,,,,,,,,,N/A,N/A
Early Modern,1661-1691,The Hooke Folio Online,http://www.livesandletters.ac.uk/cell/Hooke/Hooke.html,1,1,1,1,ENG,Manuscript,,,Matthew Symonds,University College London,,,,,,,,,,,,ENG,,,,,0,,,,,,,Keyed,,,,,,,,,N/A,N/A
Early Modern,1647-1691,The Workdiaries of Robert Boyle,http://www.livesandletters.ac.uk/wd/index.html,,,,,ENG,Manuscript; Diary,,,Matthew Symonds,University College London; Royal Society; British Library; Birkbeck College,,,,,1,,,,,,,ENG,,,,,,,,,,,,Keyed,,,,,,"The Wellcome Trust, Heritage Lottery Fund",,,N/A,N/A
Early Modern,1700s-1730s,Jonathan Swift Archive,http://jonathanswiftarchive.org.uk/index.html,,,,,ENG,,2004,,Paddy Bullard,King's College London (Department of Digital Humanities); Keele University; University of Oxford,,,,,1,,0,0,0,0,0,ENG,,,,,0,1.5,,0,,,,Keyed,,,1,,,AHRC,,xMod (KCL custom),N/A,N/A
Middle Ages,850-851,The St Gall Priscian Glosses,http://www.stgallpriscian.ie,,,,,LAT,,,,Pádraic Moran,National University of Ireland,"Scholars; research students in the fields of Celtic linguistics, Late Antique and medieval Latin, history of linguistics",,,,,,,,,,,ENG,,,,,0,,,0,1,,,Keyed,,,,Stiftsbibliothek St. Gallen,,Irish Research Council for Humanities and Social Sciences,,,N/A,N/A
Long Nineteenth Century; Modern,19th-20th,Nietzsche Source,http://www.nietzschesource.org/,,,,,GER,,,,Paolo D'Iorio,CNRS,,,,,1,,1,,,,,GER; ENG; ITA; FRE,,,,,1,,,0,,,,,,,,,,,,,N/A,N/A
Middle Ages,9th century-,Early Irish Glossaries Database,http://www.asnc.cam.ac.uk/irishglossaries/,,1,,,SGA,,2006,present,Paul Russell,University of Cambridge,,,,,1,,,,,,,ENG,,,,,0,1,,0,,,,Keyed,,,,Trinity College Dublin; University College Dublin; Royal Irish Academy Dublin; British Library; Bodleian Library,,AHRC,,MySQL; PHP,N/A,N/A
Early Modern,1577; 1587,The Holinshed Project,http://www.cems.ox.ac.uk/holinshed/index.shtml,1,,1,,ENM,Manuscript,,,Paulina Kewes,University of Oxford,,,,,1,,,,,,,ENG,,,,,0,,,,,,,Keyed,,,,,,,,,N/A,N/A
Early Modern,16th,Alciato's Book of Emblems,http://www.mun.ca/alciato/,,,,,LAT,,1995,2005,William Barker,Memorial University of Newfoundland,,,,,0,,,,,,0,ENG,,,,,0,,0,0,,,,Keyed,,,,Various,,,,,N/A,N/A
Early Modern,1605,Electronic Variorum Edition of the Quixote,http://www.csdl.tamu.edu:8080/veri/index-en.html,,,,,SPA,Manuscript,,,Eduardo Urbina,Texas A&M University,,,,,0,,,,,,,ENG,,,,,0,,,0,,,,Keyed,,,,,,,,,N/A,N/A
Antiquity; Middle Ages,4th-9th,Corpus Rhythmorum Musicum (SAEC. IV-IX) I - Songs from non-liturgical sources ,http://www.corimu.unisi.it/,,1,,,LAT,,2007,present,Francesco Stella,Università degli Studi di Siena ad Arezzo; Università degli Studi di Bergamo ,,1,,,0,,,,,,,ITA; ENG,,,1,1,0,0,0,0,,,,Keyed,,,,,,Università di Siena; Società Internazionale per lo Studio del Medioevo Latino,,CDROM and web,,
Antiquity,180 BC,The Book of Ben Sira,http://www.bensira.org/,,,,,HEB,Codex,,,Gary A. Rendsburg,Rutgers University,,,,,,,1,,,,,ENG,,,,,,,,0,,,,Keyed,,,,,,,,,N/A,N/A
Middle Ages,1365-1431,Christine de Pizan: The Making of the Queen's Manuscript,http://www.pizan.lib.ed.ac.uk/,,,,,FRO,Codex,,,James Laidlaw,University of Edinburgh,,,,,1,,1,0,0,0,,ENG,,,,,0,1.5,,0,,,,,,,,British Library,,AHRC,,,N/A,N/A
Middle Ages,9th-15th,Corpus of the Inscriptions of Campā (CIC),http://isaw.nyu.edu/publications/inscriptions/campa/,,,,,"SAN, VIE",,,present,,École française d'Extrême-Orient; Institute for the Study of the Ancient World (New York University),,,,,1,,1,,,,,ENG,,1,1,,1,,,0,,,,,,,,Various,"Campā, Vietnam","Toyota Foundation (grant number D10-ID-1026); École française d'Extrème-Orient (EFEO); Center for Khmer Studies (Siem Reap, Cambodia)",,,N/A,N/A
Middle Ages,,Dante Online,http://www.danteonline.it/italiano/home_ita.asp,,,,,ITA,Manuscript,,,,Società Dantesca Italiana,,,,,,,,,,,,ITA; ENG,,,,,0,,0,0,,,,,,,,Various,,Ente Cassa di Risparmio di Firenze,,,N/A,N/A
Long Nineteenth Century,1825-1868,Darwin Correspondence Project,http://www.darwinproject.ac.uk/,1,1,1,0,ENG,Manuscript; letters,2002,present,James A. Secord,University of Cambridge; American Council of Learned Societies,,,,1,,,0,0,0,0,0,ENG,,,1,1,0,,,0,,,,,,1,,,,Andrew W. Mellon Foundation; Alfred P. Sloan Foundation; AHRC; The Bonita Trust; British Academy; British Ecological Society; Evolution Education Trust; Golden Family Foundation; Isaac Newton Trust; John Templeton Foundation; National Science Foundation; National Endowment for the Humanities; Natural Environment Research Council; Pew Charitable Trusts; Pilgrim Trust; Royal Society; Stifterverband für die Deutsche Wissenschaft; Wellcome Trust,,,N/A,N/A
Modern,1950,De Trein der Traagheid CDROM & new online version,http://edities.ctb.kantl.be/daisne/index.htm,1,1,1,0,DUT,Letters,,,Edward Vanhoutte,Centrum voor Teksteditie en Bronnenstudie (Koninklijke Academie voor Nederlandse Taal- en letterkunde),,1,,,1,,1,1,0,0,,DUT,,,,,1,,,0,,1,,Keyed,,,,,,,,CDROM,,
Early Modern,17th,Early Stuart Libels,http://www.earlystuartlibels.net/htdocs/index.html,1,1,1,0,ENG,Manuscript,,,Alastair Bellany; Andrew McRae,Rutgers University,,,,,1,,,,,,,ENG,,1,,,0,,,0,,,,,,,,,,AHRC; Rutgers University; University of Exeter; Australian Research Council; British Academy; Mrs. Giles M. Whiting Foundation; Princeton University; University of Sydney,,,N/A,N/A
Middle Ages,,Folger Shakespeare Editions,http://www.folgerdigitaltexts.org/,1,,1,1,ENG,Manuscript,,,Barbara Mowat; Paul Werstine,Folger Shakespeare Library,,,,,1,1,,,,,,ENG,,,,,1,0.5,,0,1,,,,,1,,Folger Shakespeare Library Washington DC,,,,,N/A,N/A
Long Nineteenth Century,1818; 1831,Frankenstein,http://www.rc.umd.edu/editions/frankenstein/,,,,,ENG,,,,Stuart Curran,University of Maryland,,,,,1,,,,,,,ENG,,,,,0,,,0,,,,,,,,,,,,,N/A,N/A
Middle Ages,,Glossae.net,http://www.glossae.net,,1,,,LAT,,forthcoming,,Martin Morard; Marjorie Burghart,"CNRS; Cluster de Recherche 13  ""Recherche Patrimoine Création""; Institut Universitaire de France; Laboratoire d'excellence HASTEC (Histoire et anthropologie des sciences techniques et croyances); UMR 5648 CIHAM (Centre interuniversitaire d'histoire et d'archéologie médiévale); UMR 8584 LEM (Laboratoire d'étude sur les monothéismes)",,,,,,,,,,,,FRE; ENG,,,,,0,,,0,,,,,,,,,,"CNRS; TGE Adonis; Cluster de Recherche 13 ""Recherche Patrimoine Création""; Institut Universitaire de France; Laboratoire d'excellence HASTEC; UMR 5648 CIHAM; UMR 8584 LEM",,,N/A,N/A
Long Nineteenth Century,1820-1856,Heinrich-Heine Portal,http://germazope.uni-trier.de/Projekte/HHP,1,1,1,1,GER,Manuscript,2004,2009,,Heinrich-Heine-Institut Düsseldorf; Universität Trier,,,,,,,,,,,,GER,,,,,,,,,,,,,,,,,,,,,N/A,N/A
Long Nineteenth Century,1846-1896,Henrik Ibsens Skrifter,http://www.ibsen.uio.no/forside.xhtml,1,1,1,,NOR,,,,,University of Oslo; Svenska Litteraturs Llskapet Finland; Nasjonalbiblioteket; Emunch; Bokselskap,,,,,1,,,,,,,NOR,1,,,,0,,,0,,,,,,1,,,,Norsk Kulturråd,$10.000.000 (roughly),,N/A,N/A
Long Nineteenth Century,19th,Mark Twain Project,http://www.marktwainproject.org/homepage.html,1,0,1,1,ENG,Manuscript,,,Anh Q. Bui; Victor Fischer; et al.,"California Digital Library; University of California Press, Mark Twain Papers",,,,,1,,1,,,,,ENG,,,1,1,0,,,0,,,,,,,,,,,,,N/A,N/A
Middle Ages,1497-1499,Niccolò Canussio: De restitutione patriae,http://www.fondazionecanussio.org/patria.htm,1,1,1,0,LAT,Manuscript,,,,Fondazione Niccolò Canussio,,,,0.5,0,,1,1,0,0,ITA,ITA,,,,,0,,,0,,,,,,,,,,,,,N/A,N/A
Middle Ages,1225-1230,Queste del Saint Graal,http://textometrie.risc.cnrs.fr/txm/texte/intro,1,,1,1,FRM,Manuscript,,,,École Normale Supérieure de Lyon,,,,,1,,1,,0,0,FRE,FRE,,,,,0,,,0,,,,,,,,Bibliothèque municipale de Lyon,,,,TXM,N/A,N/A
Middle Ages,1331-1340,The Auchinleck manuscript,http://auchinleck.nls.uk/index.html,,,1,0,ENM,Manuscript,2000,2003,David Burnley; Alison Wiggins,National Library of Scotland,,,,,,,1,,,,0,ENG,,,,,0,,,0,,,,,,,,National Library of Scotland,,"Professor David Burnley, Department of English Language and Linguistics, University of Sheffield, in September 2000",,,N/A,N/A
Middle Ages; Early Modern,1596-1634,The Casebooks Project,http://www.magicandmedicine.hps.cam.ac.uk/,,0,,,"ENG, LAT",Manuscript,,,Lauren Kassell,University of Cambridge,,,,,1,,,,,,,ENG,,,,,0,,,,,,,,,,,,,,,,N/A,N/A
Antiquity,,The Confessions of Augustine: An Electronic Edition,http://www.stoa.org/hippo/,1,,1,0,LAT,Codex,1999,,James J. O'Donnell,University of Kentucky,,,,0.5,0,,,,,,,ENG,,,,,0,,,0,,,,,,,,,,Stoa Consortium,,,N/A,N/A
Antiquity,340 - 320 BC,The Derveni Papyrus,http://chs.harvard.edu/CHS/article/display/5418,,,,,GRC,Papyrus,,,Ioanna Papadopoulou,"Center for Hellenic Studies, Harvard University; Casa Leo S. Olschki, Firenze; Universita degli Studi di Genova; Aristotle University of Thessaloniki; Archaeological Museum of Thessaloniki",,,,,,,,,,,,ENG,,,,,0,,,0,,,,,,1,,Archaeological Museum Thessaloniki,Derveni (north of Thessaloniki),,,,N/A,N/A
Antiquity,,The Gospel according to St. John,http://www.iohannes.com/,,,,,"GRC, LAT",Codex,2007,2010,,University of Birmingham,,,,1,,,1,1,0,0,0,ENG,1,,,,0,1,,0,1,,,,,1,,40+ in European libraries,,"AHRC; British Academy; International Greek New Testament Project; United Bible Societies, University of Birmingham (Institute for Textual Scholarship and Electronic Editing)",,,N/A,N/A
Early Modern; Long Nineteenth Century,1674-1913,The Proceedings of the Old Bailey,http://www.oldbaileyonline.org/,,,,,ENG,Manuscript,,,Clive Emsley; Tim Hitchcock; Robert Shoemaker,University of Sheffield,,,,,0.5,,,,,,,ENG,,,1,1,1,,,,,,,,,,,,,,,,N/A,N/A
Early Modern,1590-1652,The Richard Brome Project,http://www.hrionline.ac.uk/brome/,,,1,0,ENG,Manuscript,,,Richard Cave,"Royal Holloway, University of Sheffield",,,,,1,,,,,,,ENG,,,,,1,1,,,,,,,,,,,,AHRC,,"JavaScript, Adobe Flash",N/A,N/A
Long Nineteenth Century,19th,The Svoboda Diary Project,http://courses.washington.edu/otap/svoboda/public/index.html,,,,,ARA,Manuscript,,,Mehmet Kalpakli; Walter G. Andrews,University of Washington,,,,,,,,,,,,ENG,,,,,0,,,,,,,,,,,,,,,,N/A,N/A
Long Nineteenth Century,1788-1836,William Godwin's Diary,http://godwindiary.bodleian.ox.ac.uk/index2.html,1,1,1,0,ENG,Manuscript,,,David O’Shaughnessy; Mark Philp; Victoria Myers,Bodleian Library,,,,,1,,,,,,,ENG,,,,,1,,,,,,,,,,,,,,,,N/A,N/A
Middle Ages,1232-1316,The Augsburg Web Edition of Llull's Electoral Writings,http://www.math.uni-augsburg.de/stochastik/llull/,,1,,,LAT,Manuscript,,,Gerlinde Wolsleben ,University of Augsburg ,,,,,,,,,,,GER; FRE,GER; ENG,,,,,0,,,0,,,,,,,,Biblioteca Apostolica Vaticana; Bayerische Staatsbibliothek; Universitat de Barcelona; Sankt Nikolaus-Hospital / Cusanusstift,,,,,N/A,N/A
Antiquity,200AD,Digital Mishnah,http://www.digitalmishnah.org/,1,1,1,1,HEB,,forthcoming,,Hayim Lapin ,Maryland Institute of Technology in the Humanities (MITH),,0.5,1,,1,,0,0,0,0,0,ENG,,,1,,1,1.5,0,0,,0.5,0,,,1,0,Various,N/A,Maryland Institute of Technology in the Humanities (MITH); Amazon Web Services,,,N/A,N/A
Antiquity,600 BC - 900 AD,The Online Critical Pseudepigrapha,http://ocp.tyndale.ca/,,1,1,1,"ARC, GRC, LAT",,2004,present,Ian W. Scott,Society of Biblical Literature,,,,,0,,0,0,0,0,0,ENG,,,0,0,0,0.5,0,0,1,,,,,1,,,,,,Drupal,N/A,N/A
Antiquity,3rd BC - 1st AD,Dead Sea Scrolls,http://dss.collections.imj.org.il/,1,,0,,HEB,Scroll; papyrus,1995,2011,James S. Snyder,Google; The Israel Museum,,,,,0,,1,1,0,1 (one scroll only),0,ENG,0,0,1,0,0,1,0,0,0,0,,,,0,0,"The Israel Museum, Jerusalem","Qumran, Israel",George Blumenthal and the Center for Online Judaic Studies,,Google,N/A,N/A
Middle Ages,,Editions of the Registers of the counts of Holland 1299-1345,http://www.historici.nl/Onderzoek/Projecten/RegistersVanDeHollandseGrafelijkheid1299-1345,,1,,,DUT,,,,Jan Burgers,Huygens ING; Nationaal Archief,,,,,,,,,,,,DUT; ENG,,,,,,,,,,,,,,,,,,"The project received the scientific support of a group of external scolars made up of Ms Prof. dr. Th. de Hemptinne, Prof. P.A. Henderikx, G. van Herwijnen, Prof.P.C.M. Hoppenbrouwers and Prof. J.G. Smit. - See more at: http://www.historici.nl/Onderzoek/Projecten/RegistersVanDeHollandseGrafelijkheid1299-1345/en/colofon#sthash.HhPd6Esd.dpuf",,,N/A,N/A
Early Modern,17th,Quijote Interactivo,http://quijote.bne.es/libro.html,0,1,0,0,SPA,Codex,2009,2010,José Manuel Lucía Megías,Biblioteca Nacional de España,General public,0,0,0.5,0,,1,1,0,0,0,SPA,0,1,1,0,0,0,0,0,,0,,Keyed,0,1,0,Biblioteca Nacional de España,Madrid,Telefonica,,Adobe Flash Player,N/A,N/A
Long Nineteenth Century,1803-1806,The Journals of the Lewis and Clark Expedition,http://lewisandclarkjournals.unl.edu/index.html,1,1,1,1,ENG,Journal,,,Katherine Walter,University of Nebraska,,,,,1,,,,,,,ENG,,,,,,,,,,,,,,,,,,,,,N/A,N/A
Middle Ages; Early Modern,10th-17th,Electronic Boethius CDROM,http://beowulf.engl.uky.edu/~kiernan/eBoethius/inlad.htm,,,,,ENM,,2002,2006,Kevin Kiernan,University of Kentucky; British Library; University of Sheffield,,,,,0,,1,,,,,ENG,,,,,0,,,0,,1,,,,,,British Library; Bodleian Library,,"National Endowment for the Humanities, Andrew W. Mellon Foundation",,CDROM,,
Early Modern; Long Nineteenth Century,1773-1836,James Mill's Common Place Books,http://www.intellectualhistory.net/mill/,,,,,ENG,,2008,present,Kristopher Grint,University of Sussex; London Library,,,,,1,,,,,,,ENG,,,,,0,,,0,,,,,,,,,,AHRC; the British Academy,,"MySQL, PHP",N/A,N/A
Middle Ages,13th,A trial electronic edition of the Preface to 'Ancrene Wisse' for the Early English Text Society.,http://tei.oucs.ox.ac.uk/Projects/EETS/,,1,,,ENM,Manuscript,,,Lou Burnard,University of Southampton; University of Oxford,,,,,1,,1,1,0,0,,ENG,,,,,0,1.5,,0,,,,,,trial,,,,AHRC,,XSLT,N/A,N/A
Antiquity,1898,Digital Nestle-Aland,http://nestlealand.uni-muenster.de/,1,1,1,0,GRC (NT),,forthcoming,,Luc Herren,University of Münster Institute for New Testament Textual Research,,,,,1,,,,,,,ENG,,,,,0,1,0,0,,,,,,forthcoming,,,,Deutsche Forschungsgemeinschaft ,,,N/A,N/A
Early Modern,1550s,Orlando Furioso Hypertext,http://stel.ub.edu/orlando/,,1,1,,ITA,Manuscript,1516,1532,María de las Nieves Muñiz,Universitat de Barcelona,"Scholars; students (higher education) of history of art, literary studies and of the book.",,,,,,1,,,,,SPA,,1,,1,0,,,0,,,,,,,,,,,,,N/A,N/A
Antiquity,29 BC - 19 BC,"The Vergil project. Resources for Students, Teachers, and Readers of Vergil",http://vergil.classics.upenn.edu/,1,1,1,1,"ENG, LAT",,1995,present,Mary Costigan,University of Pennsylvania,,1,0.5,,,,0,0,0,0,,ENG,,1,0,0,,,0,,,0.5,,,,0,0,0,,"The National Endowment for the Humanities, The Pew Charitable Trusts, The Edmund J. and Louise W. Kahn Fund for Faculty Excellence, Mr. Joseph B. Glossberg, Department of Classical Studies, The School of Arts and Sciences, and the Center for the Computer Analysis of Texts, University of Pennsylvania",,,N/A,N/A
Middle Ages,14th,Cantar de mio Cid,http://www.laits.utexas.edu/cid/index2.php?v=nor,1,0,1,1,SPA,Manuscript,,,Matthew Bailey,Biblioteca Nacional de España,General public,1,1,1,0,,1,0,0,1,0,ENG,,,0,0,0,1,0,0,0,1,0,Keyed,0,0,0,Biblioteca Nacional de España,,Liberal Arts Instructional Technology Services (LAITS) @UT Austin,,,N/A,N/A
Middle Ages,1200,The Aberdeen Bestiary,http://www.abdn.ac.uk/bestiary/,1,1,0,0,LAT,,,,Michael Arnott,University of Aberdeen,,0,0,,,,1,0,0,0,0,ENG,0,0,1,0,0,0.5,0,0,0,0,0,,,0,0,Aberdeen University Library,,,,,N/A,N/A
Antiquity,86-103 AD,M. Valerii Martialis Epigrammaton Liber IV,http://www.curculio.org/Martial/Martial04.html,1,,1,0,LAT,,2005,2007,Michael Hendry,Bowling Green State University,,,,N/A,0,,0,0,0,0,,LAT,,,,,0,,0,0,,,,,,1,,,,N/A,N/A,,N/A,N/A
Antiquity,,P. Ovidii Nasonis Heroides I,http://www.curculio.org/Ovid/h01.html,1,,,,LAT,,2008,,Michael Hendry,N/A,,,,N/A,0,,0,0,0,0,,LAT,,,,,0,,0,0,,,,,,1,,,,N/A,N/A,,N/A,N/A
Antiquity,,Sexti Propertii Elegiae,http://www.curculio.org/Propertius/index.html,,,,,LAT,,1998,2001,Michael Hendry,N/A,,,,N/A,0,,0,0,0,0,,ENG,,,,,0,,0,0,,,,,,1,,,,N/A,N/A,,N/A,N/A
Antiquity,,Sulpiciae Conquestio,http://www.curculio.org/Sulpiciae/index.html,,0,,,LAT,,,,Michael Hendry,N/A,,,,N/A,0,,0,0,0,0,0,ENG,,,,,0,,0,0,,,,,,1,,Lost,"Monastery of Bobbio, Italy",N/A,N/A,,N/A,N/A
Antiquity,370-404,Claudii Claudiani Carmina Latina,http://www.curculio.org/Claudian/index.html,1,1,1,0,LAT,,1998,2004,Michael Hendry ,N/A,,,,N/A,0,,0,0,0,0,,ENG,,1,,,0,1,0,0,,,,,,,,,,N/A,N/A,,N/A,N/A
Antiquity,1st-2nd AD,D. Iunii Iuvenalis Saturae,http://www.curculio.org/Juvenal/index.html,1,1,1,,LAT,,1998,2001,Michael Hendry ,N/A,,0.5,,N/A,0,,0,0,0,0,0,LAT,,,,,0,1,0,0,,,,,,,,Medical School of Montepellier; various.,,N/A,N/A,,N/A,N/A
Middle Ages,8th-12th AD,Codice Diplomatico della Lombardia Medievale,http://cdlm.unipv.it/,1,1,1,1,LAT,Codex,2000,,Michele Ansani,Università degli Studi di Pavia,,1,0.5,,0,,0,0,0,0,ITA,ITA,0,0,1,1,0,0.5,0,0,0,0.5,0,,,0,,Various,,"Fondazione Cariplo, Provincia di Sondrio, Centro Internazionale di Ricerca per le Storie Locali e le Diversità Culturali - Università degli Studi dell' Insubria",,"XHTML, CSS",N/A,N/A
Middle Ages,1343-1400,Geoffrey Chaucer's Book of the Duchess: A Hypertext Edition,http://www.ucalgary.ca/ucpress/online/pubs/duchess/Websample/titlepge.htm,1,,1,,ENG,Manuscript,1997,,Murray McGillivray,University of Calgary,,,,,1,,,,,,,ENG,,,,,,,,,,,,,,,,,,,,,,$50.00 CAD / $56.95 USD (march 2000)
Antiquity,,Inscriptiones Graecae in Croatia Repertae (IGCR),http://www.ffzg.unizg.hr/klafil/dokuwiki/doku.php/z:epidoc-hrvatska,,,,,GRC,Tablets; prisms; cylinders; rock faces; steles; wall; threshold slabs; etc.,,,Nino Zubović,University of Zagreb,,,,,1,,,,,,,HRV,,,,,1,,,0,,,,,,,,Various,Various,Department of Classical Philology of the Faculty of Humanities and Social Sciences at the University of Zagreb,,,N/A,N/A
Middle Ages,1317-1468,The Gascon Rolls Project,http://www.gasconrolls.org/index.html,,,,,LAT,,2008,present,Paul Spence,King's College London (Department of Digital Humanities); University of Liverpool,,,,,1,,,,,,,ENG,,1,1,1,0,,,0,,,,,,,,The National Archives at Kew in class C 61,South-western France (Aquitaine),Laboratoire d'excellence LaScArBx; Banque Numérique des Savoirs d'Aquitaine; Chateau Ausone (Saint-Emilion) and Jonathan Sumption,,,N/A,N/A
Middle Ages,15th,The Hengwrt Chaucer Digital Facsimile,http://www.sd-editions.com/AnaAdditional/HengwrtEx/images/hgopen.html,,1,,,ENM,Manuscript,,,Peter Robinson,University of Birmingham,,,,,1,,1,,,,,ENG,,,,,0,0,,,,,,,,,,,,,,,N/A,N/A
Long Nineteenth Century,1810-1822,Carl-Maria-von-Weber-Gesamtausgabe,http://www.weber-gesamtausgabe.de/en/Index,1,,1,1,GER,Manuscript,,,Peter Stadler,Akademie der Wissenschaften und der Literatur Mainz,,1,,,1,,,,,,,GER; ENG (partial),,1,,,,1,,0,,,,,,,,,,,,eXist,N/A,N/A
Long Nineteenth Century,1871,Livingstone's 1871 Field Diary,http://livingstone.library.ucla.edu/1871diary/manuscript1.htm,,,,,ENG,,,,Adrian S. Wisnicki,University of California; Indiana University of Pennsylvania; Birkbeck College; Rochester Institute of Technology; Edinburgh Napier University,,,,,1,,1,1,0,0,0,ENG,,,,,1,1,,0,,1,,,,,,,,National Endowment for the Humanities; British Academy,,,N/A,N/A
Antiquity,,Hyperdonat,http://hyperdonat.ens-lyon.fr/,,1,,,LAT,,,,Bruno Bureau,"Université Jean Moulin Lyon 3, Université d'Angers, École Normale Supérieure de Lyon, École Nationale Supérieure des Sciences de l'Information et des Bibliothèques, EPITECH",,,,,1,,,,,,,FRE,,,,,1,,,0,,,,,,,,Various,Various,Région Rhône-Alpes; ENS de Lyon; Atelier des Humanités Numériques; UMR 5189 (HiSoMA),,,N/A,N/A
Antiquity,2nd-12th AD,Inscriptions of Aphrodisias Project,http://insaph.kcl.ac.uk/index.html,1,1,1,1,GRC,Tablets; prisms; cylinders; rock faces; steles; wall; threshold slabs; etc.,2002,2006,Charlotte Roueché,"King's College London (Department of Classics; Department of Digital Humanities), University of Heidelberg, University College London, Ancient World Mapping Center (University of North Carolina)",,1,0.5,1,1,,1,0,0,0,0,ENG,1,1,,,1,1.5,1,0,0,1,1,,,1,,Aphrodisias,"Aphrodisias, Turkey",Leverhulme Trust,"£250,000",xMod (KCL custom),N/A,N/A
Antiquity,1st BC-4th AD,Inscriptions of Roman Cyrenaica,http://ircyr.kcl.ac.uk/,1,1,,,"GRC, LAT",Tablets; prisms; cylinders; rock faces; steles; wall; threshold slabs; etc.,2007,2010,Charlotte Roueché,"King's College London (Department of Classics; Department of Digital Humanities), Department of Antiquities (Libya), Ancient World Mapping Center (University of North Carolina), British School at Rome",,,,,1,,,,0,0,,ENG,,,,,1,,,0,,,,,,,,N/A,"Cyrene, Libya",Leverhume Trust,,xMod (KCL custom),N/A,N/A
Antiquity,1st BC-8th AD,Inscriptions of Roman Tripolitania,http://irt.kcl.ac.uk/irt2009/,1,,,,LAT,Tablets; prisms; cylinders; rock faces; steles; wall; threshold slabs; etc.,2008,,Charlotte Roueché,"King's College London (Department of Classics; Department of Digital Humanities), British School at Rome",,1,,,1,,1,0,0,0,0,ENG,0,1,1,1,1,1,1,0,0,0,0,,,1,1,N/A,"Tripolitania. (area around Tripoli), Libya",JISC; The Leverhulme Trust; National Endowment for the Humanities,,xMod (KCL custom),N/A,N/A
Middle Ages,840-912,e-sequence: Digital Edition of the Saint Gall corpus of Sequences by Notker Balbulus,http://www.e-sequence.eu/en/,,,,,LAT,,,,Christoph Flüeler,University of Fribourg (e-codices Virtual Manuscript Library of Switzerland); Ensemble Ordo Virtutum; Ensemble for Medieval Music; Label Christophorus; Musikwissenschaftliches Institut der Universität Tübingen; Stiftsbibliothek St. Gallen; Südwest-Rundfunk Tübingen,"In particular, musicologists and manuscript researchers; in general, anyone who's interested.",,,,,,,,,,,GER; ENG,,,,,0,,,0,,,,,,,1,Abbey of St. Gall,"Abbey of St. Gall, St. Gallen Switzerland","Accentus Foundation, Ernst Goehner Foundation",20000 CHF,"CodeIgniter, HTML5, PHP, MySQL, jQuery e jPlayer",N/A,N/A
Early Modern,1633,Phineas Fletcher's Sylva Poetica ,http://www.philological.bham.ac.uk/sylva/,,,,,LAT,Manuscript,,,Dana Sutton,University of California Irvine,,,,,0,,,,,,,ENG,,,,,0,,,0,,,,,,,,,,,none,,N/A,N/A
Early Modern,,The Latin Prose and Poetry of Joseph Addison,http://www.philological.bham.ac.uk/Addison/,,,,,LAT,Manuscript,,,Dana Sutton,University of California Irvine,,,,,0,,,,,,,ENG,,,,,,,,,,,,,,,,,,,,,N/A,N/A
Long Nineteenth Century,1869,"History in the Making: preparation of a genetic edition, dataset and hypertext of Part III, Chapter 1 of Flaubert's L'Education Sentimentale",http://www.hull.ac.uk/hitm/,,,,,FRE,,,,David Williams,University of Hull,,,,,,,,,,,,ENG,,,,,0,,,0,,,,,,,,,,Arts and Humanities Research Board; University of Hull; Leverhulme Trust,,,N/A,N/A
Middle Ages,15th,An electronic corpus of 15th century Castillian canconiero manuscripts,http://cancionerovirtual.liv.ac.uk/,,,,,SPA,Manuscript,,,Dorothy Severin,University of Liverpool; University of Birmingham; University of Barcelona,,,,,1,,,,,,,ENG,,,,,0,1,0,0,,,,,,,,Salamanca Universidad,"Italy, Spain, France, United Kingdom, USA","AHRC, MHRA, University of Liverpool",,"Collate, BBEdit, Anstasia, Apache",N/A,N/A
Antiquity,,"Galenus' commentary on Hippocrates' ""On the articulations""",http://pom.bbaw.de/cmg/,,1,,,GRC,,,,Günter Stock,Berlin-Brandenburgische Akademie der Wissenschaften,,,,,,,,,,,0,GER,,,1,1,1,,,0,,,,,,,,,,Berlin-Brandenburgische Akademie der Wissenschaften,,http://cmg.bbaw.de/project-office/aufgabenstellung-des-cmg,N/A,N/A
Middle Ages,9th,Edition der falschen Kapitularien des Benedictus Levita,http://www.benedictus.mgh.de/,1,,1,,LAT,,,,Gerhard Schmitz,Bayerische Staatsbibliothek,,,,,,,,,,,,GER,,,,,0,,,0,,,,,,,,Bibliothèque Nationale de France; Biblioteca Apostolica Vaticana; Monserrat BA; Troyes BM,,,,,N/A,N/A
Antiquity,744 BC - 669BC,The Royal Inscriptions of the Neo-Assyrian Period,http://oracc.museum.upenn.edu/rinap/,,1,,,"ARA, ARC, SYC, PER",Tablets; prisms; cylinders; rock faces; steles; wall; threshold slabs; etc.,,,Grant Frame,University of Pennsylvania,,,,,,,,,,,,ENG,,1,,,1,,,0,,,,,,,,,"Iraq, Syria, Iran, Turkey, and other parts of the Middle East",National Endowment for the Humanities,,,N/A,N/A
Middle Ages,13673-1438,Book of Margery Kempe,http://english.selu.edu/humanitiesonline/kempe/index.php,0,,1,,ENM,Manuscript,,present,Joel W. Fredell,British Library; Southeastern Louisiana University,,0.5,1,1,0.5,,1,1,0,0,0,ENG,0,0,0,0,0,1,0,0,0,1,0,Keyed,1,,0,British Library,"King's Lynn, United Kingdom",,,"HTML, CSS, Showcase, PROTOtypeR, Andron Scriptor Web",N/A,N/A
Middle Ages,,William of Ockham: Dialogus,http://www.britac.ac.uk/pubs/dialogus/ockdial.html,,,,,LAT,,,,John Kilcullen,British Academy,,,,,0,,,,,,0,ENG,,,,,0,,,0,,,,,,1,,Various,,British Academy,,,N/A,N/A
Middle Ages,11th,Domesday Explorer,http://www.domesdaybook.net,,0,,,LAT,Manuscript,,,John Palmer,University of Hull,,,,,,,,,,,,ENG,,,,,0,,,0,,,,,,download book,,"The National Archives, Kew, London, UK","Royal Treasury, Winchester Castle, UK",AHRC,,CDROM,,
Long Nineteenth Century,19th,Chopin's First Editions Online,http://www.cfeo.org.uk/index.html,1,,1,,"ENG, FRE, GER, POL",Manuscript,2004,2007,John Rink,"King's College London (Department of Digital Humanities); Royal Holloway; British Library; Bodleian Library, University of Oxford; Bibliothèque Nationale de France; New York Public Library; Narodowy Instytut Fryderyka Chopina; University of Chicago Library; Österreichische Nationalbibliothek",,,,,0,,1,1,,,,ENG,,,,,0,,0,0,,,,,,,,Bibliothèque Nationale de France; Bodleian Library; British Library; Narodowy Instytut Fryderyka Chopina; University of Chicago Library + 17 small libraries,,AHRC,,,N/A,N/A
Long Nineteenth Century,1787-1817,Jane Austen's Fiction Manuscripts,http://www.janeausten.ac.uk/index.html,,,,,ENG,Manuscript,,,Kathryn Sutherland,"King's College London (Department of Digital Humanities), University of Oxford",,,,,1,,1,1,,,0,ENG,,,,,0,,,0,,,,,,,,Bodleian Library; British Library; Pierpont Morgan Library New York; King's College Cambridge; private ownership,,AHRC,,Kiln (former xMod),N/A,N/A
Long Nineteenth Century,1855-1892,The Walt Whitman Archive,http://www.whitmanarchive.org/,,,,,ENG,Manuscript,1995,present,Kenneth M. Price,University of Nebraska,,,,,1,,1,,,,,ENG,,,,,1,,,,,,,,,,,,,,,,N/A,N/A
Long Nineteenth Century; Modern,1868-1935,Schenker Documents Online,http://www.schenkerdocumentsonline.org,,,,,GER,Manuscript,2010,2013,Marilyn Deegan,"King's College London (Department of Digital Humanities); Universität für Musik und darstellende Kunst, Vienna; University of Southampton",,,,,1,,,,,,0,ENG,,,,,0,,,,,,,,,,,,,,,xMod (KCL custom),N/A,N/A
Long Nineteenth Century,1810-1849,Online Chopin Variorum Edition,http://www.ocve.org.uk/index.html,,,,,"ENG, FRE, GER, POL",Manuscript,2005,2014,Marilyn Deegan; John Rink,King's College London (Department of Digital Humanities),,1,,,0.5,,1,,0.5,,,ENG,,,,,0,,,0,,1,1,,,,,,,,,xMod (KCL custom),N/A,N/A
Early Modern,"1563, 1570, 1576, 1583",John Foxe's The Acts and Monuments Online,http://www.johnfoxe.org/,,1,,,"GRC, LAT, ENM",Manuscript,,,Mark Greengrass,University of Sheffield; University of Ohio; The British Academy,,,,,1,,,,,,0,ENG,,,,,0,1,,0,,,,,,,,,,AHRC; British Academy,,"Microsoft Access, Javascript",N/A,N/A
Middle Ages,1304-1374,Oregon Petrarch Open Book Project,http://petrarch.uoregon.edu/,1,,1,1,ITA,Manuscript,2003,present,Massimo Lollini,University of Oregon,,1,1,1,1,,1,0,0,0,FRE; SPA,ENG,,,1,0,,,,,1,1,1,,1,,1,,,,Unknown,Drupal,N/A,N/A
Middle Ages,1486,Conclusiones CM,http://www.stg.brown.edu/projects/pico/about.php,,1,,,LAT,Manuscript,2002,,Massimo Riva,Brown University,,,,,0.5,,,,,,,ENG,,,,,0,,,0,,,,,,,,British Library,,"Faculty Grant, Computing and Information Services at Brown University",,,N/A,N/A
Middle Ages,,Decameron Web,http://www.brown.edu/Departments/Italian_Studies/dweb/index.php,0,1,0,,ITA,,,,Massimo Riva,Brown University,,,,,,,,,,,0,ENG,,,1,1,0,,,0,,,1,,,,,0,0,"National Endowment for the Humanties, USA",,,N/A,N/A
Middle Ages,1487-1496,Pico della Mirandola: De hominis dignitate,http://www.brown.edu/Departments/Italian_Studies/pico/index.html,,,,,LAT,Manuscript,,,Massimo Riva,Brown University,,,,,0,,,,,,,ITA; ENG,,,,,0,,,0,,,,,,,,,,,,,N/A,N/A
Antiquity,500 BC-640 AD,Inscriptions of Israel/Palestine,http://www.stg.brown.edu/projects/Inscriptions/index.shtml,,,,,"HEB, ARC, GRC, LAT",Tablets; prisms; cylinders; rock faces; steles; wall; threshold slabs; etc.,1996,,Michael Satlow; Elli Mylonas,Brown University,,,,,1,,,,,,,ENG,,,1,1,1,,1,0,,,,,,1,,findspot,"Israel, Palestine",Center of Digital Scholarship and the Office of the Vice President of Research at Brown University,,,N/A,N/A
Middle Ages,1200-1210,Parzival-Projekt,http://www.parzival.unibe.ch/home.html,,,,,GMH,Manuscript,,,Michael Stolz,University of Bern,,,,,,,,,,,,GER; ENG,,,,,0,,,0,,,,,,,,,,Swiss National Science Foundation,,,N/A,N/A
Middle Ages,1350-1353,Decameron Ipertestuale,http://www.rose.uzh.ch/static/decameron/index3.htm,,,,,ITA,,,,Michelangelo Picone,University of Zürich,,,,,0,,,,,,,ITA,,,,,0,,,0,,,,,,,,Various,,Fondo Nazionale Svizzero per la Ricerca Scientifica,,CDROM,,
Long Nineteenth Century,1812,Percy Bysshe Shelley: The Devil's Walk,http://www.rc.umd.edu/editions/shelley/devil/index.html,,1,,,ENG,Manuscript,,,Neil Fraistat,University of Maryland,,,,,,,,,,,,ENG,,,,,0,,,0,,,,,,,,,,,,,N/A,N/A
Early Modern,1773,Poems by Anna Laetitia Aikin,http://www.rc.umd.edu/editions/contemps/barbauld/poems1773/,1,1,1,,ENG,Manuscript,,,Neil Fraistat,University of Maryland,,,,,,,,,,,,ENG,,,,,0,,,0,,,,,,,,,,,,,N/A,N/A
Early Modern; Long Nineteenth Century,1766-1823,The Letters of Robert Bloomfield,http://www.rc.umd.edu/editions/bloomfield_letters/,1,,1,1,ENG,Manuscript,,,Neil Fraistat,University of Maryland,,,,,1,,,,,,,ENG,,,,,0,,,,,,,,,,,,,,,,N/A,N/A
Early Modern,17th,The Shelley-Godwin Archive,http://www.shelleygodwinarchive.org/,,1,,,ENG,Manuscript,,,Neil Fraistat,"MITH; The New York Public Library; The Bodleian Libraries of the University of Oxford; Houghton Library of Harvard University; Huntington Library, Art Collections, and Botanical Gardens; British Library; The Gladys Krieble Delmas Foundation ",,,,,1,,1,1,,1,,ENG,,,,,0,,1,,,,,,,,,,,,,"Drupal (CMS), MITHgrid (engine)",N/A,N/A
Long Nineteenth Century,1822,Thomas Lovell Beddoes: The Brides' Tragedy ,http://www.rc.umd.edu/editions/beddoes/intro.html,1,,1,1,ENG,Manuscript,,,Neil Fraistat,University of Maryland,,,,,,,,,,,,ENG,,,,,0,,,,,,,,,,,,,,,,N/A,N/A
Middle Ages,1326-1400,The Online Froissart,http://www.hrionline.ac.uk/onlinefroissart/index.jsp,,,,,FRO,,,present,Peter Ainsworth,University of Sheffield; University of Liverpool,,1,,,1,,0.5,,,,0,ENG,,,,1,0,,,0,,1,,,,,,,,Arts and Humanities Research Council's Resource Enhancement programme awarded a grant to the Universities of Sheffield and Liverpool ,,,N/A,N/A
Middle Ages,1350-1425,Welsh Prose 1350-1425,http://www.rhyddiaithganoloesol.caerdydd.ac.uk/en/,,1,,,WEL,,2004,2007,Peter Wynn Thomas,Cardiff University,,1,,,1,,,,,,,ENG; WEL,,1,,,0,,,0,,1,,,,,,Various,,AHRC,,,N/A,N/A
Early Modern,1642-1727,The Newton Project,http://www.newtonproject.sussex.ac.uk/prism.php?id=1,1,,1,1,LAT,Manuscript,1998,present,Robert Iliffe,University of Sussex,,1,1,1,1,,0,0,0,0,0,ENG,0,1,1,0,1,1.5,0,0,0,0.5,1,,,0,0,Cambridge University Library,"Trinity College, Cambridge",University of Sussex; AHRC; JISC; The Royal Society; CORDIS: Community Research and Development Information Service,£2.6m (more funding to come),"Javascript, Adobe Photoshop, XMetal, XSLT, BBEdit, Macromedia Studio, Oxygen",N/A,N/A
Middle Ages,10th,Vercelli Book Digitale,http://vbd.humnet.unipi.it,,,,,LAT,Codex,,,Roberto Rosselli Del Turco,Università degli Studi di Torino,,,,,,,,,,,,ENG,,,,,1,,,0,,,,,,,,Archivio Capitolare Vercelli,"Archivio Capitolare Vercelli, Italy","Chamber of Commerce, Vercelli, Fondazione CRT,",,,N/A,N/A
Middle Ages,1293-1295,I testimoni della Vita Nova,http://vitanova.unipv.it/,,,,,ITA,Manuscript,1999,,Simone Albonico,Università degli Studi di Pavia,,,,,1,,,,,,0,ITA,,,,,0,,,0,,,,,,,,Biblioteca Apostolica Vaticana; Biblioteca Nazionale Centrale di Firenze; Biblioteca Medicea Laurenziana,,MURST - Cofin 1999/2001,,,N/A,N/A
Long Nineteenth Century,1818,"Frankenstein; or, the Modern Prometheus",http://knarf.english.upenn.edu/,,,,,ENG,Manuscript,,,Stuart Curran,University of Pennsylvania,,,,,0,,,,,,,ENG,,,,,0,,,0,,,,,,,,,,,,,N/A,N/A
Long Nineteenth Century,1837-1873,Livingstone Online,http://www.livingstoneonline.ucl.ac.uk,,1,,,ENG,,,,Christopher Lawrence,"David Livingstone Centre; John Rylands University Library; The University of Manchester; King Baudouin Foundation; Library, Art & Archives, Royal Botanic Gardens, Kew; Mitchell Library; National Library of Scotland; National Museum of the Royal Navy; Royal College of Physicians and Surgeons of Glasgow; Royal Geographical Society; Royal Society; Royal Museum for Central Africa; RSA; School of Oriental and African Studies Library at University of London; Wellcome Library",,,,,1,,1,1,0,0,0,ENG,,,,,0,,,0,,,,,,,,,,Wellcome Trust,,,N/A,N/A
Middle Ages,,Edizione Critica Ipertestuale dello Zibaldone Laurenziano (Pluteo XXIX.8) autografo di Giovanni Boccaccio,http://rmcisadu.let.uniroma1.it/boccaccio/,1,,1,,LAT,Manuscript,,,Raul Mordenti,Università degli Studi di Roma'La Sapienza,,,,,1,,,,,,ITA,ITA,,,,,0,,,0,,,,,,,,Biblioteca Medicea Laurenziana,,MIUR,,,N/A,N/A
Early Modern,1530-1540,"A Social Edition of the Devonshire MS (BL Add 17,492)",http://en.wikibooks.org/wiki/The_Devonshire_Manuscript,,,,,ENG,,,,Raymond Siemens,University of Victoria,,,,,1,,1,1,0,0,0,ENG,,,,,1,,,0,,1,,,,1,,British Library,,,,Wikibooks,N/A,N/A
Early Modern,15th-17th,Les Bibliothèques Virtuelles Humanistes,http://www.bvh.univ-tours.fr/#,,,,,MIX,,,,Sandrine Breuil,"Centre d'Études Supérieures de la Renaissance, Centre National de la Recherche Scientifique, Institut Universitaire de France ",,,,,1,,,,,,,FRE,,,,,1,,,0,,,,,,,,,,,,,N/A,N/A
Middle Ages,1450,The Paris Codex,http://digital.library.northwestern.edu/codex/index.html,,,,,MYN,Manuscript,,,Scott Garton,Northwestern University Library,,,,,0,,1,,0,0,,ENG,,,,,0,,,,,,,,,,,,,,,,N/A,N/A
Early Modern,1787-1788,The Memorandoms of James Martin,https://www.ucl.ac.uk/Bentham-Project/publications/martins-memorandoms/martins-memorandoms.html,,1,,,ENG,,,,Tim Causer,University College London,,,,,,,,,,,,ENG,,,,,,,,,,,,,,,,,,,,,,
Middle Ages,13th,Actes Royaux,http://www.cn-telma.fr/actesroyaux/index/,1,,1,,LAT,,,,Xavier Hélary,CNRS (Centre national de la recherche scientifique),,,,,,,,,,,,FRE,,,,,,,,0,,,,,,,,,,,,,N/A,N/A
Long Nineteenth Century,pre-1920,American Verse Project,http://quod.lib.umich.edu/a/amverse/,,,1,,ENG,,,,,University of Michigan Humanities Text Initiative (HTI); University of Michigan Press,General public,0.5,0,,1,,0,0,0,0,0,ENG,,,1,,0,,,0,,0.5,,OCR,,,0,,,,,,N/A,N/A
Middle Ages,11th,Bernard Muir's CD-ROM facsimile of Bodleian Library MS Junius 11,http://www.bodleianshop.co.uk/a-digital-facsimile-of-oxford-bodleian-library-ms-junius-11.html,,1,,,ANG,,,,Bernard J. Muir,Bodleian Library,,,,,,,1,1,,,,ENG,,,,,0,0,,0,,,,,,,,Bodleian Library,,Bodleian Library,,CDROM,,238.8
Early Modern,1759,Candide 2.0,http://candide.nypl.org/text/,,1,1,,FRE ,,,,Alice Boone; Ben Vershbow; Eddie A. Tejeda,New York Public Library,,,,,,,,,,,,ENG,,,,,0,,0,1,1,,,,,,,Bibliothèque nationale de France; Bibliothèque de l'Arsenal,,,,,N/A,N/A
Modern,1941-1944,Chronik des Gettos Lodz / Litzmannstadt,http://www.getto-chronik.de/de/,,1,,0,"GER, POL",Chronicle; diary,,,,Staatsarchive Lodz,,,,,,,1,0,0,0,,GER; ENG,,,,,0,1,,,,,,,,,,,,,,,N/A,N/A
Long Nineteenth Century,1853-1867,Clotel by William Wells Brown,http://rotunda.upress.virginia.edu:8080/clotel/,1,,1,1,ENG,,,,,University of Virginia,,,,,1,,,,,,,ENG,,,,,0,0.5,0,0,,,,,,,,,,"Andrew W. Mellon Foundation, President's Office of the University of Virginia",,,N/A,N/A
Antiquity,,DASI: Digital Archive for the Study of Pre-Islamic Arabian Inscriptions,http://dasi.humnet.unipi.it/,,,,,ARA,Stone,,,,Università degli studi di Pisa; Scuola Normale Superiore di Pisa,,,,,,,,,,,,ENG,,,,,,,,,,,,,,,,,,,,,N/A,N/A
Middle Ages,14th,"Datini, Lettere",http://www.archiviodistato.prato.it/margherita/trailer/home.htm,,,,,ITA,Manuscript,2002,,,Archivio di Stato di Prato,,,,,0.5,,1,,,,ITA,ITA,,1,,,0,,,0,,,,,,,,Archivio di Stato di Prato,,Archivio di Stato di Prato,,CDROM,,
Long Nineteenth Century,1826,Digital Shikshapatri,http://www.shikshapatri.org.uk/,,,,,SAN,Manuscript,2000,,Gillian Evison; Marilyn Deegan,University of Oxford,,,,,0,,1,0,0,0,,ENG,1,,,,0,,,0,,,,,,,,Bodleian Library,,New Opportunities Fund,,,N/A,N/A
Middle Ages,,Electronic Beowulf CDROM,http://ebeowulf.uky.edu/,,,,,ANG,,,,Kevin Kiernan,University of Kentucky,,,,,,,,,,,,ENG,,,,,0,,,0,,,,,,,,British Library,,,,CDROM,,
Long Nineteenth Century,,Emily Dickinson's Archive,http://www.edickinson.org/,,1,,,ENG,Manuscript,,,,Various,,,,,1,,,,,,,ENG,,,,,1,,,,,,,,,,,,,"The Sidney Verba Fund, Harvard Library; the Emily Dickinson Fund, Houghton Library; and Harvard University Press",,,N/A,N/A
Long Nineteenth Century,1830-1886,Emily Dickinson's Correspondences,http://rotunda.upress.virginia.edu/edc/,1,1,1,,ENG,,,,Martha Nell Smith; Lara Vetter,University of Virginia,,,,,1,,,,,,,ENG,,,,,0,0,,0,,,,,,,,,,Andrew W. Mellon Foundation; President's Office of the University of Virginia,,,N/A,N/A
Early Modern,1555,Gabriel Harvey's Livy Online,http://abo.annotatedbooksonline.com/#binding-5-1,,1,0,0,ENG,Manuscript,,,,University College London; University of Utrecht; Princeton University,,,,,0,,,,,,,ENG,,,,,,,,,,,,,,,,,,,,,N/A,N/A
Early Modern,1600-1630,Galileo Galilei's Notes on Motion,http://www.mpiwg-berlin.mpg.de/Galileo_Prototype/MAIN.HTM,,,,,ITA,Manuscript,,,Isabella Truci; Paolo Galluzzi; Jürgen Renn,Max Planck Institute for the History of Science ,,,,,0,,1,,0,0,,ENG,,1,,,0,,,0,,,,,,,,,,,,,N/A,N/A
Middle Ages,15th,Göttinger Statuten (kundige bok 2),http://kundigebok.stadtarchiv.goettingen.de/kb2Web/html/,,1,,,GMH,Manuscript,,,Malte Rehbein,University of Göttingen,,,,,1,,1,,,,,GER,,1,,,0,,,0,,,,,,,,,,,,,N/A,N/A
Long Nineteenth Century,1819-1891,Herman Melville's Typee,http://rotunda.upress.virginia.edu/melville/,1,,1,,ENG,,,,,University of Virginia,,,,,1,,,,,,,ENG,,,,,0,0,,0,,,,,,,,,,Andrew W. Mellon Foundation; President's Office of the University of Virginia,,,N/A,N/A
Early Modern,,In Mozart's Words,http://letters.mozartways.com/,,,,,GER,Letters,,,Cliff Eisen,University of Sheffield; King's College London; Stiftung Mozarteum Salzburg,,,,,1,,,,,,,ENG; GER; ITA; FRE,,,1,0,0,,,0,,,,,,,,,,,,,N/A,N/A
Early Modern; Long Nineteenth Century,19th,Intibah Edition and Transcription,http://courses.washington.edu/otap/intibah/intibah.html,,,1,,OTA,Novel,forthcoming,,Selim S. Kuru,University of Washington,,,,,,,1,1,,,,ENG,,,,,0,,,0,,,,,,,,,,,,,N/A,N/A
Long Nineteenth Century,1879,Jerilderie Letter,http://www.nma.gov.au/collections/collection_interactives/jerilderie_letter,,,,,ENG,Letter,,,,National Museum of Australia,,,,,,,,,,,0,ENG,,,,,0,,,0,,,,,,,,,,,,Flash,N/A,N/A
Early Modern,1621,John Barclay: Argenis,http://www.chlt.org/sandbox/colloquia/argenis/index.html,,1,,,LAT,Manuscript,,,Iohannis Barclaii,University of Kentucky; Institute for Latin Studies Colloquia Collection,,,,,,,,,,,,ENG; LAT,,,,,0,,,0,,,,,,,,,,,,,N/A,N/A
Long Nineteenth Century,1819-1839,Journal of Emily Shore,http://rotunda.upress.virginia.edu:8080/EmilyShore/make-page.xqy,1,,1,1,ENG,,,,,University of Virginia,,,,,1,,,,,,,ENG,,,,,0,0,,0,,,,,,,,,,Andrew W. Mellon Foundation; President's Office of the University of Virginia,,,N/A,N/A
Long Nineteenth Century,1846-1870,Lautréamont / Ducasse,http://www.phalese.fr/Maldoror/index.php?title=Accueil,,,,,FRE,,,,,Université Sorbonne Nouvelle - Paris 3,,,,,0,,,,,,,FRE,,,,,0,,,0,,,,,,,,,,,,MediaWiki,N/A,N/A
Middle Ages,1217-1282,Le Cartulaire de la seigneurie de Nesle,http://www.cn-telma.fr/nesle/index/,,1,,,"LAT, FRM",Manuscript,,,,CNRS (Institut de recherche et d'histoire des textes),,,,,,,1,0,0,0,,FRE,,,,,0,,,0,,,,,,,,Musée Condé,,,,,N/A,N/A
Early Modern; Long Nineteenth Century,1785-1812,Martha Ballard's Diary Online,http://dohistory.org/diary/index.html,1,1,1,,ENG,Manuscript,,,,Roy Rosenzweig Center for History and New Media (George Mason University),,,,,0,,1,,,,,ENG,,,,,0,,,0,,,,,,,,,,,,,N/A,N/A
Long Nineteenth Century,1855-1920,Olive Schreiner Letters Online,http://www.oliveschreiner.org/,1,,1,,ENG,Manuscript,,,,University of Edinburgh; Leeds Metropolitan University; University of Sheffield,,,,,0.5,,,,,,,ENG,,,,,0,,,0,,,,,,,,,,,,,N/A,N/A
Long Nineteenth Century; Modern,,Online Electronic Variorum of the Works of Rabindranath Tagore,http://rabindranathtagore-150.gov.in/online-voriourum.html,,,,,BEN,,,,,Ministry of Culture Government of India,,,,,,,,,,,,ENG,,,,,0,,,0,,,,,,,,,,,,,N/A,N/A
Middle Ages,13th-14th,Ordonnances de l'hôtel du roi,http://www.cn-telma.fr/ordonnances/index/,,,,,FRO,Manuscript,,,,CNRS (Institut de recherche et d'histoire des textes),,,,,,,,,,,,FRE,,,,,0,,,0,,,,,,,,Archives Nationales; Bibliotheque Nationale de France,,,,,N/A,N/A
Antiquity,2nd BC,Septuaginta LXX,http://septuaginta.net/,,,,,GRC,Codex,,,,,,,,,,,,,,,,ENG,,,,,0,,,0,,,,,,PDF will be available,,,,,,,N/A,N/A
Middle Ages,,Sirat Bani Hilal Digital Archive,http://www.siratbanihilal.ucsb.edu/start-0,,,,,ARA,,,,,,,,,,,,,,,,,ENG; ARA,,,,,,,,1,,,,,,1,,,,,,,N/A,N/A
Long Nineteenth Century,,Søren Kierkegaards Skrifter,http://sks.dk/forside/indhold.asp,,,,,DAN,Manuscript,,,,University of Copenhagen,,,,,0.5,,,,,,,DAN,,,,,0,,,,,,,,,,,,,,,,N/A,N/A
Modern,20th,Stijn Streuvels: De teleurgang van den Waterhoek (The decline of the Waterhoek) CDROM,http://ctb.kantl.be/vanhoutte/projects/teleurgang.htm,,1,,,DUT,,,,,Centrum voor Teksteditie en Bronnenstudie (Koninklijke Academie voor Nederlandse Taal),,,,,0.5,,,,,,,DUT,,,,,0,,,,,,,,,,,,,,,CDROM,,€68.06
Early Modern; Long Nineteenth Century,1735-1826,The Adams Papers,http://rotunda.upress.virginia.edu/founders/ADMS.html,1,1,1,1,ENG,Manuscript,,,,University of Virginia,,,,,0.5,,,,,,,ENG,,1,,1,0,0,,,,,,,,,,,,Andrew W. Mellon Foundation; President's Office of the University of Virginia,,,N/A,N/A
Early Modern,1649-1785,The Alcalá Account Book Project,http://drapier.dho.ie/node/232,,,1,1,SPA,,,,,National University of Ireland; University of Alcalá,,,,,,,1,1,0,0,0,ENG,,,,,,,,,,,,,,,,,,,,,N/A,N/A
Long Nineteenth Century; Modern,1869-1951,The André Gide Editions Project,http://hridigital.shef.ac.uk/gide,,,,,FRE,Manuscript,,,,University of Sheffield,,,,,0.5,,,,,,,ENG,,,,,0,,,,,,,,,,,,,,,CDROM,,
Early Modern,,The Benjamin Marston Diary Project,http://www.lib.unb.ca/Texts/marston/,,1,,,ENG,Manuscript,,,,University of New Brunswick,,,,,0.5,,,,,,,ENG,,,,,0,,,,,,,,,,,,,,,,N/A,N/A
Long Nineteenth Century,18th-19th,The Bevan Family Letters,http://rth.org.uk/collections/bevan-dewar-letters,1,,1,,ENG,Manuscript,,,,Regency Town House,,,,,,,,,,,,ENG,,,1,,0,,,,,,,,,,,,,,,,N/A,N/A
Middle Ages,15th,The Burnet Psalter,http://www.abdn.ac.uk/diss/historic/collects/bps/index.html,,,,,LAT,Manuscript,,,,University of Aberdeen,,,,,0,,1,0,0,0,0,ENG,,,,,0,,,,,,,,,,,,,,,,N/A,N/A
Middle Ages,14th,The Canterbury Tales Project,http://www.petermwrobinson.me.uk/canterburytalesproject.com/,,1,,,ENM,Manuscript,1990,,,University of Birmingham,,,,,,,,,,,,ENG,,,,,0,,,,,,,,,,,,,,,CDROM,,
Early Modern,1593-1633,The Digital Temple: A Documentary Edition of George Herbert's English Verse,http://digitaltemple.rotunda.upress.virginia.edu/,1,,1,1,ENG,Manuscript,,,,University of Virginia,,1,,,1,,,,,,,ENG,,,,,0,,,,,,,,,,,,,National Endowment for the Humanities,,Versioning Machine V4.0,N/A,N/A
Long Nineteenth Century; Modern,,The Diriks Family Scrapbooks,http://www.nb.no/baser/diriks/virtuellealbum/index.html,,1,,,NOR,Manuscript,,,,National Library of Norway,,,,,,,1,,,,,NOR,,,,1,0,,,,,,,,,,,,,,,,N/A,N/A
Long Nineteenth Century,1770s-1880s,The Documentary History of the Ratification of the Constitution,http://rotunda.upress.virginia.edu/founders/RNCN.html,1,1,1,1,ENG,Manuscript,,,,University of Virginia,,,,,1,,,,,,,ENG,,,,,0,0,,0,,,,,,,,,,Andrew W. Mellon Foundation; President's Office of the University of Virginia,,,N/A,N/A
Long Nineteenth Century,1788-1843,The Dolley Madison Digital Edition,http://rotunda.upress.virginia.edu/dmde/,1,,1,1,ENG,Manuscript,,,,University of Virginia,,,,,1,,,,,,,ENG,,,,,0,0,,0,,,,,,,,,,Andrew W. Mellon Foundation; President's Office of the University of Virginia,,,N/A,N/A
Early Modern,1503-1510,The Geese Book,http://geesebook.asu.edu,,,,,LAT,Manuscript,,,,Arizona State University,,,,,,,1,1,0,0,,GER; ENG,,,,,0,,,,,,,,,,,,,"Samuel H. Kress Foundation; National Endowment for the Humanities; Sparda Bank Nürnberg; Zukunftsstiftung der Stadtsparkasse Nürnberg; Kulturfonds der Dr. Lorenz Tucher'schen Stiftung; Freiherr von Haller'sche Forschungsstiftung; Arizona State University - Herberger Institute for Design and the Arts - Institute for Humanities Research; Erzbistum Bamberg: Verlag Nürnberger Presse; Bezirk Mittelfranken, Stiftung Natur-Kultur-Struktur; Sigma (Deutschland) GmbH; Wolf Photo Media, Fürth. ",,,N/A,N/A
Early Modern,1600-1662,The Hartlib Papers Project,http://hridigital.shef.ac.uk/hartlib,,1,,,"ENG, GER",Manuscript,,,,University of Sheffield,,,,,0.5,,,,,,,ENG,,,,,0,,,,,,,,,,,,,,,CDROM,,
Long Nineteenth Century,1830-1894,The Letters of Christina Rossetti,http://rotunda.upress.virginia.edu/crossetti/,1,1,1,1,ENG,Manuscript,,,,University of Virginia,,,,,1,,,,,,,ENG,,,,,0,0,,0,,,,,,,,,,Andrew W. Mellon Foundation; President's Office of the University of Virginia,,,N/A,N/A
Long Nineteenth Century,1822-1888,The Letters of Matthew Arnold,http://rotunda.upress.virginia.edu/arnold/,1,,1,1,ENG,Manuscript,,,,University of Virginia,,,,,1,,,,,,,ENG,,,,,0,0,,0,,,,,,,,,,Andrew W. Mellon Foundation; President's Office of the University of Virginia,,,N/A,N/A
Middle Ages,1469-1470,The Malory Project,http://www.maloryproject.com/,,1,,,ENM,Manuscript,,,,University of Leicester; Loyola University Chicago,,,,,1,,,,,,,ENG,,,,,0,,,,,,,,,,,,,"Digital Research Centre, Keio University",,,N/A,N/A
Early Modern; Long Nineteenth Century,1755-1804,The Papers of Alexander Hamilton,http://rotunda.upress.virginia.edu/founders/ARHN.html,1,1,1,1,ENG,Manuscript,,,,University of Virginia,,,,,1,,,,,,,ENG,,,,,0,0,,,,,,,,,,,,Andrew W. Mellon Foundation; President's Office of the University of Virginia,,,N/A,N/A
Early Modern; Long Nineteenth Century,1739-1830,The Papers of Eliza Lucas Pinckney and Harriot Pinckney Horry,http://rotunda.upress.virginia.edu/PinckneyHorry/,1,1,1,1,ENG,Manuscript,,,,University of Virginia,,,,,1,,,,,,,ENG,,,,,0,0,,,,,,,,,,,,Andrew W. Mellon Foundation; President's Office of the University of Virginia; National Endowment for the Humanities,,,N/A,N/A
Early Modern; Long Nineteenth Century,1732-1799,The Papers of George Washington,http://rotunda.upress.virginia.edu/founders/GEWN.html,1,1,1,1,ENG,Manuscript,,,,University of Virginia,,,,,1,,,,,,,ENG,,,,,0,0,,0,,,,,,,,,,Andrew W. Mellon Foundation; President's Office of the University of Virginia,,,N/A,N/A
Early Modern; Long Nineteenth Century,1751-1836,The Papers of James Madison,http://rotunda.upress.virginia.edu/founders/JSMN.html,1,1,1,1,ENG,Manuscript,,,,University of Virginia,,,,,1,,,,,,,ENG,,,,,0,0,,0,,,,,,,,,,Andrew W. Mellon Foundation; President's Office of the University of Virginia,,,N/A,N/A
Early Modern; Long Nineteenth Century,1743-1826,The Papers of Thomas Jefferson,http://rotunda.upress.virginia.edu/founders/TSJN.html,1,1,1,1,ENG,Manuscript,,,,University of Virginia,,,,,1,,,,,,,ENG,,1,,,0,0,,0,,,,,,,,,,,,,N/A,N/A
Long Nineteenth Century,1843-1920,The Pérez Galdós Editions Project,http://hridigital.shef.ac.uk/galdos,,1,1,0,SPA,Manuscript,,,N. G. Round; Rhian Davies; Jamie McLaughlin,University of Sheffield,,,,,0.5,,,,,,,ENG,,,,,0,,,,,,,,,,,,,,,CDROM,,
Middle Ages,,The Planctus for William Longsword,http://vlib.iue.it/carrie/documents/planctus/planctus/index.html,,,,,LAT,Manuscript,1999,2002,,,,,,,0,,1,0,0,0,GER; NOR,ENG,,,,,0,,,0,,,,,,,,"Bibliothèque de Clermont-Ferrand, MS 240, folio 45; Bibliotheca Mediceo-Laurenziana of FlorenceMS Libri 30, folios 21v-22v",,,,,N/A,N/A
Middle Ages,,The Zibaldone project,http://www.birmingham.ac.uk/research/activity/leopardi/projects/index.aspx,,,,,ITA,Manuscript,forthcoming,,,University of Birmingham,,,,,,,,,,,,ENG,,,,,,,,,,,,,,,,,,,,,N/A,N/A
Modern,1914-1918,Virginie Lovelings Diary,http://ctb.kantl.be/pub/loveling/html/index.htm,,,,,DUT,Manuscript,,,,Centrum voor Teksteditie en Bronnenstudie (Koninklijke Academie voor Nederlandse Taal),,,,,0.5,,,,,,,DUT,,,,,0,,,,,,,,,,,,,,,,N/A,N/A
Long Nineteenth Century,1810-1876,William Golder Electronic Edition,http://nzetc.victoria.ac.nz/tm/scholarly/tei-corpus-golder.html,,,,,ENG,Manuscript,,,,University of Wellington,,,,,1,,,,,,,ENG,,,,,1,,,,,,,,,,,,,,,,N/A,N/A
Middle Ages,1200,William of Palerne,http://trove.nla.gov.au/work/33020507,,,,,ENM,Manuscript,,,Gerrit H.V. Bunt,National Library of Australia,,,,,,,,,,,,ENG,,,,,0,,,0,,,,,,,,"Victoria University Library, Melbourne, Australia",,,,CDROM,,
Long Nineteenth Century; Modern,20th,Wittgensteins Nachlass: The Bergen Electronic Edition,http://www.nlx.com/collections/124,,,,,"GER, ENG",Manuscripts; typescripts; dictations; notebooks,1998,2000,,InteLex,,,,,1,,1,,,,,ENG,,,,,0,,,,,,,,,,,,,,,CDROM,,
Long Nineteenth Century,1898,Zibaldone Europeo,http://www.birmingham.ac.uk/research/activity/leopardi/projects/barcelona.aspx,,1,,,ITA,Manuscript,,,Maria de las Nieves Muñiz Muñiz,University of Birmingham,,,,,,,,,,,,ENG; SPA,,,,,,,,0,,,,,,,,,,,"£25,000",,N/A,N/A
Early Modern,1681,"Pietro Mellini's Inventory in verse, 1681",http://www.getty.edu/research/mellini/,1,1,1,1,ITA,Manuscript,2015,,Murtha Baca; Nuria Rodríguez Ortega,Getty Research Institute,Scholarly; general public,0,N/A,N/A,,,1,1,0,0,0,ENG,,,,,,,,,,,,Keyed,1,1,1,,,Getty Research Trust,,,N/A,N/A
Early Modern; Long Nineteenth Century,16-18th century,Inscriptiones Alborum Amicorum,http://iaa.bibl.u-szeged.hu/index.php,1,1,1,0,"LAT, GER, ENG, HEB, FRE, GRE",Friendship albums; autograph albums; books of friends,2003,2015,Anita Fajt,University of Szeged,Experts; general public,0.5,1,,0,,1,1,0,0,0,HUN; ENG; GER,0,1,0,1,0,0,0,0,,0,,Keyed,1,1,0,Various archives in Europe,,Dr. Miklós Latzkovits and Dr. Tünde Katona,,"new version: Yii2, Html5/CSS3old version: Custom php/html/css",N/A,N/A
Early Modern,1566,"George Etheridge's Encomium on Henry VIII addressed to Elizabeth II, British Library Royal MS 16 C X",http://hellenic-institute.rhul.ac.uk/Research/Etheridge/,1,1,1,0,GRC,Text in a codex uniqus,2011,present,Charalambos Dendrinos,Hellenic Institute of Royal Holloway; British Library,Scholars; students; general public,0.5,0,0,1,,1,0,0,1,0,ENG,1,0,1,0,0,0,0,0,1,1,1,Keyed,,0,0,Hellenic Institute of Royal Holloway,British Library,"Royal Holloway, University of London",,"HTML 4.01, CSS and Java Script",N/A,N/A
Early Modern,16th century,Digitalisierte Edition des Ältesten Appenzeller Landbuchs,http://www.ssrq-sds-fds.ch/teiviewer/,1,1,1,0,GER,Manuscript,2007,2013,Pascale Sutter,Law Sources Foundation of the Swiss Lawyers Society,Experts; scholars,0.5,0.5,,1,,1,1,0,0,0,GER,0,1,0,1,0,1,0,0,0,0,0,Keyed,0,0,1,,,Law Sources Foundation of the Swiss Lawyers Society,,Java,N/A,N/A
Early Modern,1500-1548,Corpus of Ioannes Dantiscus' Texts & Correspondence ,http://dantiscus.al.uw.edu.pl/,1,,1,0,"LAT, GER, SPA, POL, ITA, FRE, BEL, CZE ",Manuscript letters,2007,present,Anna Skolimowska,University of Warsaw ,Scholars,1,0.5,,1,,1,0,,,0,ENG; POL,0,1,0,1,0,0,0,0,1,0,0,Keyed,0,1,1,Archiwum Archidiecezji Warmińskiej; Muzeum Narodowe w Krakowie; Biblioteka Czartoryskich; Geheimes Staatsarchiv Preussischer Kulturbesitz,Poland and other European countries,Polish Ministry of Science,,Dantiscus (custom; PHP/MySQL/HTML/CSS/XML/XQuery),N/A,N/A
Middle Ages,14th century,Dante's Commedia,http://sd-editions.com/AnaAdditional/commediaonline/home.html,1,1,1,0,ITA,Codex,1998,2010,Peter Robinson,University College London,Scholars,1,1,1,1,0,1,1,0,0,0,ENG,0,1,1,0,0,0,0,0,0,1,,Keyed,1,1,1,Various,Italy,"AHRC, UK; British Academy; De Montfort, Birmingham and Saskatchewan universities","$250,000.00",Anastasia,N/A,N/A
Early Modern,1550-1563,"A London Provisioner's Chronicle, 1550–1563, by Henry Machyn: Manuscript, Transcription, and Modernization",http://quod.lib.umich.edu/m/machyn/,1,1,1,0,ENG,Manuscript,1990s,2004,Kevin Hawkins,University of Michigan Ann Arbor,Scholars; general public,1,1,,1,,1,1,,,0,ENG,1,0,0,1,0,1,,0,,0,,Keyed,0,0,0,British Library,Cottonian Library,University of Michigan Library,Not budgeted,DLXS,N/A,N/A
Middle Ages,501-1882,Collection of Swiss Law Sources,http://www.ssrq-sds-fds.ch/online/,1,0,1,0,"LAT, GER, FRE,ITA, ROH",Charters; Documents; Law Sources,2011,,Pascale Sutter,Law Sources Foundation of the Swiss Lawyers Society,Experts; scholars,1,0,,1,,0,N/A,N/A,N/A,0,FRE; GER; ITA,0,1,1,0,0,1,0,0,,,,OCR,0,1,1,,,Law Sources Foundation of the Swiss Lawyers Society,,HTML,N/A,N/A
Middle Ages,1475-1490,El Cancionero digital de Gómez Manrique (páginas 11-44),http://www.realbiblioteca.es/gomez_manrique/cancionero.html,,1,1,0,SPA,Manuscript,,,Andrea Iantorno,Real Biblioteca,Experts; scholars,0,N/A,1,,0,1,1,0,1,0,SPA,0,0,0,0,1,1,0,0,0,0,0,Keyed,,1,,Real Biblioteca,,,,"HTML, CSS",N/A,N/A
"Antiquity, Middle Ages",Pre-AD 900,ASChart Anglo-Saxon Charters,http://www.aschart.kcl.ac.uk/index.html,1,1,1,0,ANG,Charters,2005,2005,Janet L. Nelson; Alex Burghart,King's College London (Department of Digital Humanities; Department of History),Historians,1,1,1,1,0,0,0,0,0,0,ENG,0,1,0,1,0,1,0,0,1,1,1,Keyed,1,0,0,Various,Various,British Academy,,xMod (KCL custom),N/A,N/A
Middle Ages,1130-1140,Excerpts from the Chronicle of Matthew of Edessa,http://byzantini.st/ChronicleME/,1,1,1,0,ARM,,2007,present,Tara Andrews,University of Oxford,Expert; scholars,1,1,1,1,1,0,0,0,0,1,ENG,0,0,0,0,0,1,0,0,0,1,0,Keyed,1,0,0,Various,Various,,,Perl Catalyst framework,N/A,N/A
Early Modern,1715-1728,Les Cours d’Antoine Desgodets,http://www.desgodets.net,1,1,1,0,FRE,Manuscript,2013,,Robert Carvais; Emmanuel Château-Dutier,CNRS,Scholars,1,1,0.5,1,1,1,1,0,1,,FRE,1,1,1,1,1,1.5,0,0,0,1,1,Keyed,1,0,0,Various,Various,Agence Nationale de Recherche ANR (France),€100000,XSLT and PHP,N/A,N/A
Early Modern,1599-1656,Digitale Edition und Kommentierung der Tagebücher des Fürsten Christian II. von Anhalt-Bernburg,http://diglib.hab.de/wdb.php?dir=edoc/ed000228&lang=en,1,1,1,1,GER,Manuscript; Notebook,2013,present,Arndt Schreiber; Antoine Odier,Herzog August Bibliothek Wolfenbüttel; Universität Freiburg,,0,1,1,1,1,1,1,0,0,planned,GER,0,0,0,0,1,1.5,0,0,0,0,0,Keyed,1,0,0,Herzog August Bibliothek Wolfenbüttel,Bernburg,DFG,,,N/A,N/A
Middle Ages,12th,Adl |  Ils. Die Relatio Adelberts von Heidenheim und der Text Ilsungs,http://www.forschungsdatenarchiv.escience.uni-tuebingen.de/adlils/,1,1,1,0,LAT,Manuscript,2014,2016,Christian Schwaderer,University of Tuebingen,Scholars; general public,1,1,1,1,1,1,1,0,0,GER,GER,0,1,1,1,1,1.5,0,0,1,0.5,1,Keyed,0.5,0,0,Dioezesanarchiv Eichstaett,Bayern,Deutsche Forschungsgemeinschaft,€100000,"HTML5, JavaScript, CSS, XSLT 2.0, eXist",N/A,N/A
Middle Ages,1280-1420,Je chante ung chant,http://jechante.exeter.ac.uk/archive/index.html,1,1,1,0,FRO,Manuscripts,2007,2010,Prof Yolanda Plumley; Giuliano Di Bacco; Dr Tamsyn Rose-Steel; and Gary Stringer,University of Exeter,Scholars,1,1,1,1,1,0,N/A,N/A,N/A,0,ENG,0,0,1,1,0,1.5,0,0,0,1,0,Keyed,0,0,0,Various,,AHRC,,eXist; TEI/XML; XQuery; XSLT; HTML; CSS,N/A,N/A
<<<<<<< HEAD
Modern,1890-1954,Einstein Archives Online,http://www.alberteinstein.info/,1,1,0,0,"ENG, GER, FRE, ITA, LAT, HEB, ARA, JPN, HUN, NNO",Manuscripts,2003,2012,Dalia Mendelsson,Hebrew University of Jerusalem; California Institute of Technology,Scholars; general public,N/A,N/A,N/A,N/A,N/A,0.5,0,0,0,ENG,ENG,0,1,1,1,0,0,0,0,1,0,0,N/A,0,0,0,Various,Various,The Polonsky Foundation,,,N/A,N/A
,,,,,,,,,,,,,,,,,,,,,,,,,,,,,,,,,,,,,,,,,,,,,,,
,,,,,,,,,,,,,,,,,,,,,,,,,,,,,,,,,,,,,,,,,,,,,,,
,,,,,,,,,,,,,,,,,,,,,,,,,,,,,,,,,,,,,,,,,,,,,,,
,,,,,,,,,,,,,,,,,,,,,,,,,,,,,,,,,,,,,,,,,,,,,,,
,,,,,,,,,,,,,,,,,,,,,,,,,,,,,,,,,,,,,,,,,,,,,,,
=======
>>>>>>> origin/master
,,,,,,,,,,,,,,,,,,,,,,,,,,,,,,,,,,,,,,,,,,,,,,,
Historical Period,Time/Century,Edition_ID,URL,Scholarly,Digital,Edition,Prototype,Language,Writing support,Begin date,End date,Manager,Institution(s),Audience,Philological statement,Account of textual variance,Value of witnesses,XML-TEI Transcription,XML-TEI available to download,Images,Zoom images,"Image manipulation (brightness, saturation, etc.)",Text-Image Linking,Source Text Translation,Website language,Glossary,Indices,String matching,Advanced search,Creative Commons License,Open source/Open access,Linked Open Data,Crowdsourcing,Feedback,Technological statement,Links to ext. resources,OCR or keyed?,Mobile compatibility/application,Print-friendly view,Print facsimile (complementary output),Manuscript(s') repository,Manuscript place of origin,Sponsor/Funding body,Budget (rough),Infrastructure,CDROM: Easy to access?,CDROM: Cost
